"stockid","stocklong","assessid","scientificname","commonname","areaid","region"
"ALBANATL","Albacore tuna Northern Atlantic","ICCAT-ALBANATL-1930-2015-PONS","Thunnus alalunga","Albacore tuna","multinational-ICCAT-NATL","Atlantic Ocean"
"ALBASATL","Albacore tuna South Atlantic","ICCAT-ALBASATL-1950-2015-PONS","Thunnus alalunga","Albacore tuna","multinational-ICCAT-SATL","Atlantic Ocean"
"ALSKABSAI","Alaska skate Bering Sea and Aleutian Islands","AFSC-ALSKABSAI-1950-2020-SISIMP2021-2","Bathyraja parmifera","Alaska skate","USA-NMFS-BSAI","US Alaska"
"ANCHMEDGSA6","Anchovy Northern Spain","STECF-ANCHMEDGSA6-2002-2009-OSIO","Engraulis encrasicolus","Anchovy","multinational-GFCM-GSA6","Mediterranean-Black Sea"
"ARFLOUNDPCOAST","Arrowtooth flounder Pacific Coast","NWFSC-ARFLOUNDPCOAST-1916-2007-BRANCH","Atheresthes stomias","Arrowtooth flounder","USA-NMFS-PCOAST","US West Coast"
"AUROCKPCOAST","Aurora rockfish Pacific Coast","NWFSC-AUROCKPCOAST-1916-2013-SISIMP2016","Sebastes aurora","Aurora rockfish","USA-NMFS-PCOAST","US West Coast"
"BGRDRNSWWA","Blue grenadier New South Wales to Western Australia","CSIRO-BGRDRNSWWA-1960-2020-MOESENEDER","Macruronus novaezelandiae","Blue grenadier","Australia-AFMA-NSWWA","Australia"
"BGROCKPCOAST","Blackgill rockfish Pacific Coast","NWFSC-BGROCKPCOAST-1950-2011-STACHURA","Sebastes melanostomus","Blackgill rockfish","USA-NMFS-PCOAST","US West Coast"
"BIGEYEATL","Bigeye tuna Atlantic Ocean","ICCAT-BIGEYEATL-1950-2010-CHING","Thunnus obesus","Bigeye tuna","multinational-ICCAT-ATL","Atlantic Ocean"
"BIGEYECWPAC","Bigeye tuna Central Western Pacific Ocean","SPC-BIGEYECWPAC-1952-2012-PONS","Thunnus obesus","Bigeye tuna","multinational-WCPFC-CWPAC","Pacific Ocean"
"BIGHTREDSE","Bight redfish Southeast Australia","CSIRO-BIGHTREDSE-1958-2007-FULTON","Centroberyx gerrardi","Bight redfish","Australia-AFMA-SE","Australia"
"BLACKROCKCAL","Black rockfish California","SWFSC-BLACKROCKCAL-1916-2019-SISIMP2021-2","Sebastes melanops","Black rockfish","USA-NMFS-CAL","US West Coast"
"BLACKROCKORECOAST","Black rockfish Oregon Coast","NWFSC-BLACKROCKORECOAST-1892-2019-SISIMP2021-2","Sebastes melanops","Black rockfish","USA-NMFS-ORECOAST","US West Coast"
"BLACKROCKWASH","Black rockfish Washington","NWFSC-BLACKROCKWASH-1940-2019-SISIMP2021-2","Sebastes melanops","Black rockfish","USA-NMFS-WASH","US West Coast"
"BLKMARLINIO","Black marlin Indian Ocean","IOTC-BLKMARLINIO-1950-2014-PONS","Istiompax indica","Black marlin","multinational-IOTC-IO","Indian Ocean"
"BLSHARIO","Blue shark Indian Ocean","IOTC-BLSHARIO-1970-2019-SMITH","Prionace glauca","Blue shark","multinational-IOTC-IO","Indian Ocean"
"BLUEROCKCAL","Blue rockfish California","NWFSC-BLUEROCKCAL-1916-2007-BRANCH","Sebastes mystinus","Blue rockfish","USA-NMFS-CAL","US West Coast"
"BMARLINATL","Blue marlin Atlantic Ocean","ICCAT-BMARLINATL-1956-2010-CHING","Makaira nigricans","Blue marlin","multinational-ICCAT-ATL","Atlantic Ocean"
"BMARLINIO","Indo Pacific blue marlin Indian Ocean","IOTC-BMARLINIO-1950-2014-PONS","Makaira mazara","Indo Pacific blue marlin","multinational-IOTC-IO","Indian Ocean"
"BOCACCBCW","Bocaccio British Columbia Waters","DFO-PAC-BOCACCBCW-1935-2012-CHING","Sebastes paucispinis","Bocaccio","Canada-DFO-BCW","Canada West Coast"
"BOCACCSPCOAST","Bocaccio Southern Pacific Coast","PFMC-BOCACCSPCOAST-1930-2009-CHING","Sebastes paucispinis","Bocaccio","USA-NMFS-SPCOAST","US West Coast"
"BRNROCKPCOAST","Brown rockfish Pacific Coast","SWFSC-BRNROCKPCOAST-1916-2012-SISIMP2016","Sebastes auriculatus","Brown rockfish","USA-NMFS-PCOAST","US West Coast"
"CABEZSCAL","Cabezon Southern California","PFMC-CABEZSCAL-1930-2009-CHING","Scorpaenichthys marmoratus","Cabezon","USA-NMFS-SCAL","US West Coast"
"CALSCORPSCAL","California scorpionfish Southern California","SWFSC-CALSCORPSCAL-1990-2005-STANTON","Scorpaena guttata","California scorpionfish","USA-NMFS-SCAL","US West Coast"
"CHAKESA","Shallow water cape hake South Africa","MARAM-CHAKESA-1917-2015-Rademeyer","Merluccius capensis","Shallow water cape hake","South Africa-DETMCM-SA","Southern Africa"
"CHILISPCOAST","Chilipepper Southern Pacific Coast","NWFSC-CHILISPCOAST-1892-2007-BRANCH","Sebastes goodei","Chilipepper","USA-NMFS-SPCOAST","US West Coast"
"CHROCKCPCOAST","China rockfish Central Pacific Coast","NWFSC-CHROCKCPCOAST-1900-2019-SISIMP2021-2","Sebastes nebulosus","China rockfish","USA-NMFS-CPCOAST","US West Coast"
"CHROCKNPCOAST","China rockfish Northern Pacific Coast","SWFSC-CHROCKNPCOAST-1900-2019-SISIMP2021-2","Sebastes nebulosus","China rockfish","USA-NMFS-NPCOAST","US West Coast"
"CHROCKSPCOAST","China rockfish Southern Pacific Coast","NWFSC-CHROCKSPCOAST-1900-2019-SISIMP2021-2","Sebastes nebulosus","China rockfish","USA-NMFS-SPCOAST","US West Coast"
"CHTRACCH","Chilean jack mackerel Chilean EEZ and offshore","IFOP-CHTRACCH-1950-2010-RICARD","Trachurus murphyi","Chilean jack mackerel","multinational-SPRFMO-CH","South America"
"CMACKPJPN","Chub mackerel Pacific Coast of Japan","FAJ-CMACKPJPN-1970-2009-ONO","Scomber japonicus","Chub mackerel","Japan-FAJ-PJPN","Japan"
"CMACKTSST","Chub mackerel Tsushima Strait","FAJ-CMACKTSST-1973-2014-KUROTA","Scomber japonicus","Chub mackerel","Japan-FAJ-TSST","Japan"
"COBGM","Cobia Gulf of Mexico","SEFSC-COBGM-1927-2018-SISIMP2021-2","Rachycentron canadum","Cobia","USA-NMFS-GM","US Southeast and Gulf"
"COD1IN","Atlantic cod NAFO Subarea 1 (inshore)","NWWG-COD1IN-1976-2021-ICESIMP2021-2","Gadus morhua","Atlantic cod","multinational-ICES-1IN","Canada East Coast"
"COD5Zjm","Atlantic cod NAFO 5Zjm","DFO-COD5Zjm-1978-2010-WATSON","Gadus morhua","Atlantic cod","multinational-TRAC-5Zjm","Canada East Coast"
"CODBA2532","Atlantic cod Eastern Baltic","WGBFAS-CODBA2532-1966-2012-CHING","Gadus morhua","Atlantic cod","multinational-ICES-25-32","European Union"
"CODFAPL","Atlantic cod Faroe Plateau","NWWG-CODFAPL-1959-2012-CHING","Gadus morhua","Atlantic cod","multinational-ICES-Vb1","Europe non EU"
"CODICE","Atlantic cod Iceland Grounds","NWWG-CODICE-1952-2012-CHING","Gadus morhua","Atlantic cod","multinational-ICES-Va","Europe non EU"
"CODIS","Atlantic cod Irish Sea","WGBFAS-CODIS-1968-2010-NEUBAUER","Gadus morhua","Atlantic cod","multinational-ICES-VIIa","European Union"
"CODNEAR","Atlantic cod North-East Arctic","AFWG-CODNEAR-1946-2011-CHING","Gadus morhua","Atlantic cod","multinational-ICES-I-II","Europe non EU"
"COWCODSCAL","Cowcod Southern California","PFMC-COWCODSCAL-1900-2015-HIVELY","Sebastes levis","Cowcod","USA-NMFS-SCAL","US West Coast"
"CPRROCKPCOAST","Copper rockfish Pacific Coast","SWFSC-CPRROCKPCOAST-1916-2012-SISIMP2016","Sebastes caurinus","Copper rockfish","USA-NMFS-PCOAST","US West Coast"
"CROCKPCOAST","Canary rockfish Pacific Coast","NWFSC-CROCKPCOAST-1916-2011-STACHURA","Sebastes pinniger","Canary rockfish","USA-NMFS-PCOAST","US West Coast"
"CROCKWCVANISOGQCI","Canary rockfish West Coast of Vancouver Island and Strait of Georgia and Queen Charlotte Islands","DFO-CROCKWCVANISOGQCI-1945-2009-STANTON","Sebastes pinniger","Canary rockfish","Canada-DFO-WCVANI-SOG-QCI","Canada West Coast"
"CTRACSA","Cape horse mackerel South Africa South coast","MARAM-CTRACSA-1949-2013-Furman","Trachurus capensis","Cape horse mackerel","South Africa-DETMCM-SASC","Southern Africa"
"DEEPCHAKESA","Deep water cape hake South Africa","MARAM-DEEPCHAKESA-1917-2015-Rademeyer","Merluccius paradoxus","Deep water cape hake","South Africa-DETMCM-SA","Southern Africa"
"DKROCKPCOAST","Darkblotched rockfish Pacific Coast","NWFSC-DKROCKPCOAST-1928-2011-STACHURA","Sebastes crameri","Darkblotched rockfish","USA-NMFS-PCOAST","US West Coast"
"DSOLEPCOAST","Dover sole Pacific Coast","SWFSC-DSOLEPCOAST-1910-2011-STACHURA","Microstomus pacificus","Dover sole","USA-NMFS-PCOAST","US West Coast"
"ECSOLESASC","East coast sole South Africa South coast","FBDAFF-ECSOLESASC-1920-2020-GLAZER","Austroglossus pectoralis","East coast sole","South Africa-DETMCM-SASC","Southern Africa"
"ESOLEPCOAST","English sole Pacific Coast","NWFSC-ESOLEPCOAST-1876-2007-BRANCH","Parophrys vetulus","English sole","USA-NMFS-PCOAST","US West Coast"
"GAGSATLC","Gag Southern Atlantic coast","SEFSC-GAGSATLC-1962-2005-JENSEN","Mycteroperca microlepis","Gag","USA-NMFS-SATLC","US Southeast and Gulf"
"GEMFISHNZ","Common gemfish New Zealand","NZMFishMIDDEPTHSWG-GEMFISHNZ-1952-2007-JENSEN","Rexea solandri","Common gemfish","New Zealand-MFish-NZ","New Zealand"
"GOPHERSPCOAST","Gopher rockfish Southern Pacific Coast","SWFSC-GOPHERSPCOAST-1965-2005-STANTON","Sebastes carnatus","Gopher rockfish","USA-NMFS-SPCOAST","US West Coast"
"GRAMBERGM","Greater amberjack Gulf of Mexico","SEFSC-GRAMBERGM-1986-2004-JENSEN","Seriola dumerili","Greater amberjack","USA-NMFS-GM","US Southeast and Gulf"
"GRNSTROCKPCOAST","Greenstriped rockfish Pacific Coast","PFMC-GRNSTROCKPCOAST-1916-2009-STANTON","Sebastes elongatus","Greenstriped rockfish","USA-NMFS-PCOAST","US West Coast"
"GRSPROCKNCAL","Greenspotted rockfish Northern Pacific Coast","SWFSC-GRSPROCKNCAL-1916-2010-STACHURA","Sebastes chlorostictus","Greenspotted rockfish","USA-NMFS-NPCOAST","US West Coast"
"GRSPROCKSCAL","Greenspotted rockfish Southern Pacific Coast","SWFSC-GRSPROCKSCAL-1916-2010-STACHURA","Sebastes chlorostictus","Greenspotted rockfish","USA-NMFS-SPCOAST","US West Coast"
"GTRIGGM","Gray triggerfish Gulf of Mexico","SEFSC-GTRIGGM-1962-2010-HIVELY","Balistes capriscus","Gray triggerfish","USA-NMFS-GM","US Southeast and Gulf"
"HADFAPL","Haddock Faroe Plateau","NWWG-HADFAPL-1955-2012-CHING","Melanogrammus aeglefinus","Haddock","multinational-ICES-Vb1","Europe non EU"
"HADICE","Haddock Iceland Grounds","NWWG-HADICE-1977-2012-CHING","Melanogrammus aeglefinus","Haddock","multinational-ICES-Va","Europe non EU"
"HADNEAR","Haddock North-East Arctic","AFWG-HADNEAR-1947-2012-CHING","Melanogrammus aeglefinus","Haddock","multinational-ICES-I-II","Europe non EU"
"HAKENRTN","Hake ICES 3a-4-6-7-8abd","WGHMM-HAKENRTN-1961-2011-CHING","Merluccius merluccius","Hake","multinational-ICES-IIIa-IV-VI-VII-VIIIabd","European Union"
"HAKESPPSAF","Hake spp Southern Africa","NatMIRC-HAKESPPSAF-1964-2019-ASHBROOK","Merluccius spp","Hake spp","Namibia-NMFMR-SAF","Southern Africa"
"HERRNIRS","Herring Irish Sea","HAWG-HERRNIRS-1960-2010-NEUBAUER","Clupea harengus","Herring","multinational-ICES-VIIa","European Union"
"HERRNWATLC","Herring Northwestern Atlantic Coast","NEFSC-HERRNWATLC-1964-2011-HIVELY","Clupea harengus","Herring","USA-NMFS-NWATLC","US East Coast"
"HERRRIGA","Herring Gulf of Riga East of Gotland","WGBFAS-HERRRIGA-1976-2011-NEUBAUER","Clupea harengus","Herring","multinational-ICES-RIGA","European Union"
"HERRSIRS","Herring ICES 7a-g-h-j-k","HAWG-HERRSIRS-1957-2010-NEUBAUER","Clupea harengus","Herring","multinational-ICES-VIIa-g-h-j-k","European Union"
"HERRVIaVIIbc","Herring ICES 6a7bc","HAWG-HERRVIaVIIbc-1956-2010-NEUBAUER","Clupea harengus","Herring","multinational-ICES-VIa-VIIb-VIIc","European Union"
"JANCHOTSST","Japanese anchovy Tsushima Strait","FAJ-JANCHOTSST-1977-2014-KUROTA","Engraulis japonicus","Japanese anchovy","Japan-FAJ-TSST","Japan"
"JMACKTSST","Japanese jack mackerel Tsushima Strait","FAJ-JMACKTSST-1973-2010-ONO","Trachurus japonicus","Japanese jack mackerel","Japan-FAJ-TSST","Japan"
"LINGCODNPCOAST","Lingcod Northern Pacific Coast","NWFSC-LINGCODNPCOAST-1928-2009-STACHURA","Ophiodon elongatus","Lingcod","USA-NMFS-NPCOAST","US West Coast"
"LINGCODSPCOAST","Lingcod Southern Pacific Coast","NWFSC-LINGCODSPCOAST-1928-2009-STACHURA","Ophiodon elongatus","Lingcod","USA-NMFS-SPCOAST","US West Coast"
"LNOSESKAPCOAST","Longnose skate Pacific Coast","NWFSC-LNOSESKAPCOAST-1915-2007-BRANCH","Raja rhina","Longnose skate","USA-NMFS-PCOAST","US West Coast"
"LSTHORNHPCOAST","Longspine thornyhead Pacific Coast","NWFSC-LSTHORNHPCOAST-1964-2012-HIVELY","Sebastolobus altivelis","Longspine thornyhead","USA-NMFS-PCOAST","US West Coast"
"MENATGM","Gulf menhaden Gulf of Mexico","SEFSC-MENATGM-1948-2011-HIVELY","Brevoortia patronus","Gulf menhaden","USA-NMFS-GM","US Southeast and Gulf"
"MENATLAN","Atlantic menhaden Atlantic","NMFS-MENATLAN-1940-2005-STANTON","Brevoortia tyrannus","Atlantic menhaden","USA-NMFS-ATL","US East Coast"
"MORWONGESE","Jackass morwong Eastern half of Southeast Australia","CSIRO-MORWONGESE-1915-2020-MOESENEDER","Nemadactylus macropterus","Jackass morwong","Australia-AFMA-ESE","Australia"
"NROCKGA","Northern rockfish Gulf of Alaska","AFSC-NROCKGA-1959-2010-STACHURA","Sebastes polyspinis","Northern rockfish","USA-NMFS-GA","US Alaska"
"NRSOLEEBSAI","Northern rock sole Eastern Bering Sea and Aleutian Islands","AFSC-NRSOLEEBSAI-1975-2012-HIVELY","Lepidopsetta polyxystra","Northern rock sole","USA-NMFS-EBSAI","US Alaska"
"PACBTUNA","Pacific bluefin tuna Pacific Ocean","ISC-PACBTUNA-1952-2012-PONS","Thunnus orientalis","Pacific bluefin tuna","multinational-ISC-PAC","Pacific Ocean"
"PAUAPAU5B","Paua New Zealand Area PAU 5B (Stewart Island)","NZMFishSHELLFISHWG-PAUAPAU5B-1965-2013-FU","Haliotis iris","Paua","New Zealand-MFish-PAU5B","New Zealand"
"PAUAPAU5D","Paua New Zealand Area PAU 5D (Otago)","NZMFishSHELLFISHWG-PAUAPAU5D-1965-2012-FU","Haliotis iris","Paua","New Zealand-MFish-PAU5D","New Zealand"
"PCEELCSCH","Pink cusk eel Central-Southern Chile","IFOPCH-PCEELCSCH-1978-2020-Quiroz","Genypterus blacodes","Pink cusk eel","Chile-SUBPESCA-CH-CS","South America"
"PCEELSCH","Pink cusk eel Southern Chile","IFOPCH-PCEELSCH-1978-2020-Quiroz","Genypterus blacodes","Pink cusk eel","Chile-SUBPESCA-CH-S","South America"
"PCODWCVANI","Pacific cod West Coast of Vancouver Island","DFO-PAC-PCODWCVANI-1956-2002-COLLIE","Gadus macrocephalus","Pacific cod","Canada-DFO-WCVANI","Canada West Coast"
"PERCHEBSAI","Pacific ocean perch Eastern Bering Sea and Aleutian Islands","AFSC-PERCHEBSAI-1960-2011-STACHURA","Sebastes alutus","Pacific ocean perch","USA-NMFS-EBSAI","US Alaska"
"PERCHHG","Pacific Ocean perch Haida Gwaii","DFO-PAC-PERCHHG-1939-2017-ASHBROOK","Sebastes alutus","Pacific ocean perch","Canada-DFO-HG","Canada West Coast"
"PERCHWCVANI","Pacific ocean perch West Coast of Vancouver Island","DFO-PERCHWCVANI-1939-2013-WATSON","Sebastes alutus","Pacific ocean perch","Canada-DFO-WCVANI","Canada West Coast"
"PHAKEPCOAST","Pacific hake Pacific Coast","PFMC-PHAKEPCOAST-1966-2016-WATSON","Merluccius productus","Pacific hake","USA-NMFS-PCOAST","US West Coast"
"PILCHPJPN","Japanese sardine Pacific Coast of Japan","FAJ-PILCHPJPN-1976-2009-ONO","Sardinops melanostictus","Japanese sardine","Japan-FAJ-PJPN","Japan"
"PILCHTSST","Japanese sardine Tsushima Strait","FAJ-PILCHTSST-1960-2010-ONO","Sardinops melanostictus","Japanese sardine","Japan-FAJ-TSST","Japan"
"PLAICCELT","European plaice Celtic Sea","WGSSDS-PLAICCELT-1992-2010-NEUBAUER","Pleuronectes platessa","European plaice","multinational-ICES-VIIf-g","European Union"
"PLAICNS","European plaice North Sea","WGNSSK-PLAICNS-1956-2010-NEUBAUER","Pleuronectes platessa","European plaice","multinational-ICES-IV","European Union"
"POLLFAPL","Saithe Faroe Plateau","NWWG-POLLFAPL-1958-2012-CHING","Pollachius virens","Saithe","multinational-ICES-Vb1","Europe non EU"
"POLLNEAR","Saithe North-East Arctic","AFWG-POLLNEAR-1957-2012-CHING","Pollachius virens","Saithe","multinational-ICES-I-II","Europe non EU"
"POPERCHGA","Pacific ocean perch Gulf of Alaska","AFSC-POPERCHGA-1959-2010-STACHURA","Sebastes alutus","Pacific ocean perch","USA-NMFS-GA","US Alaska"
"POPERCHPCOAST","Pacific ocean perch Pacific Coast","NWFSC-POPERCHPCOAST-1940-2011-STACHURA","Sebastes alutus","Pacific ocean perch","USA-NMFS-PCOAST","US West Coast"
"PSOLEPCOAST","Petrale sole Pacific Coast","PFMC-PSOLEPCOAST-1930-2011-CHING","Eopsetta jordani","Petrale sole","USA-NMFS-PCOAST","US West Coast"
"REDFEAUS","Redfish Eastern Australia","CSIRO-REDFEAUS-1975-2016-MOESENEDER","Centroberyx affinis","Redfish","Australia-AFMA-EAUS","Australia"
"REDFISHSPP3LN","Redfish species N and SW Grand Banks","NAFO-SC-REDFISHSPP3LN-1959-2013-WATSON","Sebastes spp","Redfish species","multinational-NAFO-3LN","Canada East Coast"
"RHERRTSST","Round herring Tsushima Strait","FAJ-RHERRTSST-1975-2014-KUROTA","Etrumeus teres","Round herring","Japan-FAJ-TSST","Japan"
"RROCKLOBSTERCRA1","Red rock lobster New Zealand Area CRA1","NZMFishLOBSTERWG-RROCKLOBSTERCRA1-1945-2001-JENSEN","Jasus edwardsii","Red rock lobster","New Zealand-MFish-CRA1","New Zealand"
"RROCKLOBSTERCRA2","Red rock lobster New Zealand Area CRA2","NZMFishLOBSTERWG-RROCKLOBSTERCRA2-1945-2001-JENSEN","Jasus edwardsii","Red rock lobster","New Zealand-MFish-CRA2","New Zealand"
"RROCKLOBSTERCRA4","Red rock lobster New Zealand Area CRA4","NZMFishLOBSTERWG-RROCKLOBSTERCRA4-1945-2005-JENSEN","Jasus edwardsii","Red rock lobster","New Zealand-MFish-CRA4","New Zealand"
"RROCKLOBSTERCRA7","Red rock lobster New Zealand Area CRA7","NZMFishLOBSTERWG-RROCKLOBSTERCRA7-1976-2005-JENSEN","Jasus edwardsii","Red rock lobster","New Zealand-MFish-CRA7","New Zealand"
"RROCKLOBSTERCRA8","Red rock lobster New Zealand Area CRA8","NZMFishLOBSTERWG-RROCKLOBSTERCRA8-1976-2005-JENSEN","Jasus edwardsii","Red rock lobster","New Zealand-MFish-CRA8","New Zealand"
"RSNAPGM","Red snapper Gulf of Mexico","SEFSC-RSNAPGM-1872-2011-HIVELY","Lutjanus campechanus","Red snapper","USA-NMFS-GM","US Southeast and Gulf"
"RSNAPSATLC","Red snapper Southern Atlantic coast","SEFSC-RSNAPSATLC-1954-2010-HIVELY","Lutjanus campechanus","Red snapper","USA-NMFS-SATLC","US Southeast and Gulf"
"RSOLEHSTR","Rock sole Hecate Strait","DFO-PAC-RSOLEHSTR-1945-2014-OSGOOD","Lepidopsetta bilineata","Rock sole","Canada-DFO-HS","Canada West Coast"
"RSROCKBCWN","Redstripe rockfish British Columbia Waters North","DFO-PAC-RSROCKBCWN-1939-2018-ASHBROOK","Sebastes proriger","Redstripe rockfish","Canada-DFO-BCWN","Canada West Coast"
"RSROCKBCWS","Redstripe rockfish British Columbia Waters South","DFO-PAC-RSROCKBCWS-1939-2018-ASHBROOK","Sebastes proriger","Redstripe rockfish","Canada-DFO-BCWS","Canada West Coast"
"SABLEFEBSAIGA","Sablefish Eastern Bering Sea / Aleutian Islands / Gulf of Alaska","AFSC-SABLEFEBSAIGA-1958-2010-STACHURA","Anoplopoma fimbria","Sablefish","USA-NMFS-EBSAIGA","US Alaska"
"SABLEFPCAN","Sablefish Pacific Coast of Canada","DFO-PAC-SABLEFPCAN-1913-2010-HIVELY","Anoplopoma fimbria","Sablefish","Canada-DFO-PCOAST","Canada West Coast"
"SABLEFPCOAST","Sablefish Pacific Coast","NWFSC-SABLEFPCOAST-1900-2011-STACHURA","Anoplopoma fimbria","Sablefish","USA-NMFS-PCOAST","US West Coast"
"SAILEATL","Sailfish Eastern Atlantic","ICCAT-SAILEATL-1956-2010-CHING","Istiophorus albicans","Sailfish","multinational-ICCAT-EATL","Atlantic Ocean"
"SAILWATL","Sailfish Western Atlantic","ICCAT-SAILWATL-1956-2010-CHING","Istiophorus albicans","Sailfish","multinational-ICCAT-WATL","Atlantic Ocean"
"SBARSHARATL","Sandbar shark Atlantic","SEFSC-SBARSHARATL-1975-2004-FAUCONNET","Carcharhinus plumbeus","Sandbar shark","USA-NMFS-ATL","US Southeast and Gulf"
"SCALL5ZMAB","Sea scallop Georges Bank and Mid-Atlantic Bight","NEFSC-SCALL5ZMAB-1964-2013-HIVELY","Placopecten magellanicus","Sea scallop","USA-NMFS-5ZMAB","US East Coast"
"SHCROCKPCOAST","Sharpchin rockfish Pacific Coast","NWFSC-SHCROCKPCOAST-1892-2012-SISIMP2016","Sebastes zacentrus","Sharpchin rockfish","USA-NMFS-PCOAST","US West Coast"
"SKJCIO","Skipjack tuna Indian Ocean","IOTC-SKJCIO-1950-2014-PONS","Katsuwonus pelamis","Skipjack tuna","multinational-IOTC-IO","Indian Ocean"
"SKJCWPAC","Skipjack tuna Central Western Pacific Ocean","SPC-SKJCWPAC-1950-2012-PONS","Katsuwonus pelamis","Skipjack tuna","multinational-WCPFC-CWPAC","Pacific Ocean"
"SKJEATL","Skipjack tuna Eastern Atlantic","ICCAT-SKJEATL-1950-2010-CHING","Katsuwonus pelamis","Skipjack tuna","multinational-ICCAT-EATL","Atlantic Ocean"
"SKJWATL","Skipjack tuna Western Atlantic","ICCAT-SKJWATL-1950-2014-PONS","Katsuwonus pelamis","Skipjack tuna","multinational-ICCAT-WATL","Atlantic Ocean"
"SNROCKPCOAST","Splitnose rockfish Pacific Coast","NWFSC-SNROCKPCOAST-1905-2009-STANTON","Sebastes diploproa","Splitnose rockfish","USA-NMFS-PCOAST","US West Coast"
"SOLECS","Common sole Celtic Sea","WGSSDS-SOLECS-1970-2011-NEUBAUER","Solea solea","Common sole","multinational-ICES-VIIf-g","European Union"
"SOLEIS","Common sole Irish Sea","WGNSDS-SOLEIS-1968-2011-NEUBAUER","Solea solea","Common sole","multinational-ICES-VIIa","European Union"
"SOLENS","Common sole North Sea","WGNSSK-SOLENS-1956-2010-NEUBAUER","Solea solea","Common sole","multinational-ICES-IV","European Union"
"SOLEVIIe","Common sole Western English Channel","WGSSDS-SOLEVIIe-1968-2010-NEUBAUER","Solea solea","Common sole","multinational-ICES-VIIe","European Union"
"SOUTHHAKECH","Southern hake Central-Southern Chile","IFOP-SOUTHHAKECH-1977-2011-CHING","Merluccius australis","Southern hake","Chile-SUBPESCA-CH-CS","South America"
"SPHAKECH","South Pacific hake Central-Southern Chile","IFOP-SPHAKECH-1968-2012-CHING","Merluccius gayi","South Pacific hake","Chile-SUBPESCA-CH-CS","South America"
"SPSDOGPCOAST","Spotted spiny dogfish Pacific Coast","NWFSC-SPSDOGPCOAST-1916-2011-STACHURA","Squalus suckleyi","Spotted spiny dogfish","USA-NMFS-PCOAST","US West Coast"
"SSTHORNHPCOAST","Shortspine thornyhead Pacific Coast","NWFSC-SSTHORNHPCOAST-1901-2005-STANTON","Sebastolobus alascanus","Shortspine thornyhead","USA-NMFS-PCOAST","US West Coast"
"STMARLINIO","Striped marlin Indian Ocean","IOTC-STMARLINIO-1950-2014-PONS","Kajikia audax","Striped marlin","multinational-IOTC-IO","Indian Ocean"
"STMARLINSWPO","Striped marlin Western Pacific Ocean","SPC-STMARLINSWPO-1952-2011-CHING","Kajikia audax","Striped marlin","multinational-WCPFC-SWPAC","Pacific Ocean"
"SWHITSE","School whiting Southeast Australia","CSIRO-SWHITSE-1945-2007-FULTON","Sillago flindersi","School whiting","Australia-AFMA-SE","Australia"
"SWORDEPAC","Swordfish Eastern Pacific","IATTC-SWORDEPAC-1951-2012-PONS","Xiphias gladius","Swordfish","multinational-IATTC-EPAC","Pacific Ocean"
"SWORDNATL","Swordfish Northern Atlantic","ICCAT-SWORDNATL-1950-2015-PONS","Xiphias gladius","Swordfish","multinational-ICCAT-NATL","Atlantic Ocean"
"SWORDNPAC","Swordfish North Pacific Ocean","ISC-SWORDNPAC-1951-2012-PONS","Xiphias gladius","Swordfish","multinational-ISC-NPAC","Pacific Ocean"
"SWORDSATL","Swordfish South Atlantic","ICCAT-SWORDSATL-1950-2015-PONS","Xiphias gladius","Swordfish","multinational-ICCAT-SATL","Atlantic Ocean"
"TANNERCRABBSAI","Tanner crab Bering Sea and Aleutian Islands","AFSC-TANNERCRABBSAI-1949-2013-HIVELY","Chionoecetes bairdi","Tanner crab","USA-NMFS-BSAI","US Alaska"
"TIGERFLATSE","Tiger flathead Southeast Australia","CSIRO-TIGERFLATSE-1913-2006-FULTON","Neoplatycephalus richardsoni","Tiger flathead","Australia-AFMA-SE","Australia"
"TREVALLYTRE7","Trevally New Zealand Areas TRE 7","NZMFishINSHOREWG-TREVALLYTRE7-1944-2014-LANGLEY","Pseudocaranx dentex","Trevally","New Zealand-MFish-TRE7","New Zealand"
"VSNAPGM","Vermilion snapper Gulf of Mexico","SEFSC-VSNAPGM-1981-2004-JENSEN","Rhomboplites aurorubens","Vermilion snapper","USA-NMFS-GM","US Southeast and Gulf"
"VSNAPSATLC","Vermilion snapper Southern Atlantic coast","SEFSC-VSNAPSATLC-1945-2012-HIVELY","Rhomboplites aurorubens","Vermilion snapper","USA-NMFS-SATLC","US Southeast and Gulf"
"WHAKEGBGOM","White hake Gulf of Maine / Georges Bank","NEFSC-WHAKEGBGOM-1962-2011-HIVELY","Urophycis tenuis","White hake","USA-NMFS-5YZ","US East Coast"
"WMARLINATL","White marlin Atlantic Ocean","ICCAT-WMARLINATL-1956-2011-CHING","Tetrapturus albidus","White marlin","multinational-ICCAT-ATL","Atlantic Ocean"
"WPOLLEBS","Walleye pollock Eastern Bering Sea","AFSC-WPOLLEBS-1963-2015-HIVELY","Theragra chalcogramma","Walleye pollock","USA-NMFS-EBS","US Alaska"
"WPOLLGA","Walleye pollock Gulf of Alaska","AFSC-WPOLLGA-1970-2014-HIVELY","Theragra chalcogramma","Walleye pollock","USA-NMFS-GA","US Alaska"
"WROCKPCOAST","Widow rockfish Pacific Coast","NWFSC-WROCKPCOAST-1916-2011-STACHURA","Sebastes entomelas","Widow rockfish","USA-NMFS-PCOAST","US West Coast"
"YELL3LNO","Yellowtail flounder Grand Banks","NAFO-SC-YELL3LNO-1960-2015-WATSON","Limanda ferruginea","Yellowtail flounder","multinational-NAFO-3LNO","Canada East Coast"
"YEYEROCKPCOAST","Yelloweye rockfish Pacific Coast","NWFSC-YEYEROCKPCOAST-1916-2011-STACHURA","Sebastes ruberrimus","Yelloweye rockfish","USA-NMFS-PCOAST","US West Coast"
"YFINATL","Yellowfin tuna Atlantic Ocean","ICCAT-YFINATL-1950-2011-CHING","Thunnus albacares","Yellowfin tuna","multinational-ICCAT-ATL","Atlantic Ocean"
"YFINCWPAC","Yellowfin tuna Central Western Pacific Ocean","SPC-YFINCWPAC-1952-2012-PONS","Thunnus albacares","Yellowfin tuna","multinational-WCPFC-CWPAC","Pacific Ocean"
"YSOLEBSAI","Yellowfin sole Bering Sea and Aleutian Islands","AFSC-YSOLEBSAI-1949-2010-STACHURA","Limanda aspera","Yellowfin sole","USA-NMFS-BSAI","US Alaska"
"YTROCKNPCOAST","Yellowtail rockfish Northern Pacific Coast","NWFSC-YTROCKNPCOAST-1967-2005-STANTON","Sebastes flavidus","Yellowtail rockfish","USA-NMFS-NPCOAST","US West Coast"
